,timestamp,open,high,low,close,volume,open_interest,strike,expiry_type,expiry,instrument,contract_type
0,1658720700000,9.6,9.85,6.6,6.85,31800,310675,34200,weekly,2022-7-28T21:00:00.000,options,put
1,1658720760000,7.0,7.8,6.9,7.75,33600,310675,34200,weekly,2022-7-28T21:00:00.000,options,put
2,1658720820000,7.85,8.35,7.75,8.2,22825,321325,34200,weekly,2022-7-28T21:00:00.000,options,put
3,1658720880000,8.2,8.55,8.15,8.4,29250,321325,34200,weekly,2022-7-28T21:00:00.000,options,put
4,1658720940000,8.3,8.4,8.0,8.05,35475,321325,34200,weekly,2022-7-28T21:00:00.000,options,put
5,1658721000000,8.1,8.5,8.05,8.35,54800,340700,34200,weekly,2022-7-28T21:00:00.000,options,put
6,1658721060000,8.3,8.8,8.3,8.75,25475,340700,34200,weekly,2022-7-28T21:00:00.000,options,put
7,1658721120000,8.75,8.75,8.4,8.4,14700,340700,34200,weekly,2022-7-28T21:00:00.000,options,put
8,1658721180000,8.4,8.5,8.05,8.25,10475,351050,34200,weekly,2022-7-28T21:00:00.000,options,put
9,1658721240000,8.2,8.3,8.1,8.15,34975,351050,34200,weekly,2022-7-28T21:00:00.000,options,put
10,1658721300000,8.15,8.25,7.8,7.8,12625,351050,34200,weekly,2022-7-28T21:00:00.000,options,put
11,1658721360000,7.8,7.85,7.6,7.7,10000,353250,34200,weekly,2022-7-28T21:00:00.000,options,put
12,1658721420000,7.65,7.8,7.55,7.6,16050,353250,34200,weekly,2022-7-28T21:00:00.000,options,put
13,1658721480000,7.55,7.6,7.45,7.6,7625,353250,34200,weekly,2022-7-28T21:00:00.000,options,put
14,1658721540000,7.55,7.75,7.55,7.65,4575,358000,34200,weekly,2022-7-28T21:00:00.000,options,put
15,1658721600000,7.65,7.8,7.6,7.7,4775,358000,34200,weekly,2022-7-28T21:00:00.000,options,put
16,1658721660000,7.8,7.85,7.7,7.75,7075,358000,34200,weekly,2022-7-28T21:00:00.000,options,put
17,1658721720000,7.85,7.9,7.7,7.85,8075,353575,34200,weekly,2022-7-28T21:00:00.000,options,put
18,1658721780000,7.9,7.9,7.6,7.6,10900,353575,34200,weekly,2022-7-28T21:00:00.000,options,put
19,1658721840000,7.6,7.75,7.6,7.75,3825,353575,34200,weekly,2022-7-28T21:00:00.000,options,put
20,1658721900000,7.75,7.75,7.55,7.6,6725,351950,34200,weekly,2022-7-28T21:00:00.000,options,put
21,1658721960000,7.5,7.6,7.3,7.3,5700,351950,34200,weekly,2022-7-28T21:00:00.000,options,put
22,1658722020000,7.3,7.35,7.1,7.2,7050,351950,34200,weekly,2022-7-28T21:00:00.000,options,put
23,1658722080000,7.2,7.25,7.1,7.15,2200,347025,34200,weekly,2022-7-28T21:00:00.000,options,put
24,1658722140000,7.15,7.2,7.1,7.15,4500,347025,34200,weekly,2022-7-28T21:00:00.000,options,put
25,1658722200000,7.25,7.3,7.25,7.3,4750,347025,34200,weekly,2022-7-28T21:00:00.000,options,put
26,1658722260000,7.3,7.35,7.2,7.3,7725,346100,34200,weekly,2022-7-28T21:00:00.000,options,put
27,1658722320000,7.25,7.3,7.2,7.25,1875,346100,34200,weekly,2022-7-28T21:00:00.000,options,put
28,1658722380000,7.25,7.35,7.15,7.25,5625,346100,34200,weekly,2022-7-28T21:00:00.000,options,put
29,1658722440000,7.3,7.35,7.2,7.35,2175,347900,34200,weekly,2022-7-28T21:00:00.000,options,put
30,1658722500000,7.35,7.55,7.3,7.55,6300,347900,34200,weekly,2022-7-28T21:00:00.000,options,put
31,1658722560000,7.55,7.7,7.45,7.6,9700,347900,34200,weekly,2022-7-28T21:00:00.000,options,put
32,1658722620000,7.65,7.75,7.6,7.65,6925,346775,34200,weekly,2022-7-28T21:00:00.000,options,put
33,1658722680000,7.7,7.9,7.65,7.65,18925,346775,34200,weekly,2022-7-28T21:00:00.000,options,put
34,1658722740000,7.7,7.7,7.5,7.55,5575,346775,34200,weekly,2022-7-28T21:00:00.000,options,put
35,1658722800000,7.55,7.65,7.55,7.6,4025,344550,34200,weekly,2022-7-28T21:00:00.000,options,put
36,1658722860000,7.55,7.55,7.45,7.45,5350,344550,34200,weekly,2022-7-28T21:00:00.000,options,put
37,1658722920000,7.45,7.8,7.45,7.8,9125,344550,34200,weekly,2022-7-28T21:00:00.000,options,put
38,1658722980000,7.8,8.5,7.8,8.45,8950,344925,34200,weekly,2022-7-28T21:00:00.000,options,put
39,1658723040000,8.55,8.95,8.45,8.9,12950,344925,34200,weekly,2022-7-28T21:00:00.000,options,put
40,1658723100000,9.0,9.05,8.5,8.7,11050,344925,34200,weekly,2022-7-28T21:00:00.000,options,put
41,1658723160000,8.7,8.8,8.45,8.45,9800,342275,34200,weekly,2022-7-28T21:00:00.000,options,put
42,1658723220000,8.45,8.45,8.05,8.4,9175,342275,34200,weekly,2022-7-28T21:00:00.000,options,put
43,1658723280000,8.4,8.45,8.15,8.2,9325,342275,34200,weekly,2022-7-28T21:00:00.000,options,put
44,1658723340000,8.2,8.3,8.05,8.05,5400,344000,34200,weekly,2022-7-28T21:00:00.000,options,put
45,1658723400000,8.05,8.2,7.8,7.85,4600,344000,34200,weekly,2022-7-28T21:00:00.000,options,put
46,1658723460000,7.9,8.45,7.9,8.35,7175,344000,34200,weekly,2022-7-28T21:00:00.000,options,put
47,1658723520000,8.35,8.55,8.3,8.5,4325,339800,34200,weekly,2022-7-28T21:00:00.000,options,put
48,1658723580000,8.4,8.55,8.4,8.45,1850,339800,34200,weekly,2022-7-28T21:00:00.000,options,put
49,1658723640000,8.45,8.85,8.45,8.85,3675,339800,34200,weekly,2022-7-28T21:00:00.000,options,put
50,1658723700000,8.9,9.0,8.7,8.85,5300,338350,34200,weekly,2022-7-28T21:00:00.000,options,put
51,1658723760000,8.85,8.95,8.75,8.85,6075,338350,34200,weekly,2022-7-28T21:00:00.000,options,put
52,1658723820000,8.85,8.95,8.65,8.75,5025,338350,34200,weekly,2022-7-28T21:00:00.000,options,put
53,1658723880000,8.65,8.75,8.4,8.4,2050,337575,34200,weekly,2022-7-28T21:00:00.000,options,put
54,1658723940000,8.35,8.45,8.3,8.4,3800,337575,34200,weekly,2022-7-28T21:00:00.000,options,put
55,1658724000000,8.45,8.6,8.25,8.35,4175,337575,34200,weekly,2022-7-28T21:00:00.000,options,put
56,1658724060000,8.3,8.4,8.1,8.2,9300,338750,34200,weekly,2022-7-28T21:00:00.000,options,put
57,1658724120000,8.2,8.2,8.15,8.15,675,338750,34200,weekly,2022-7-28T21:00:00.000,options,put
58,1658724180000,8.15,8.2,7.9,7.9,5375,338750,34200,weekly,2022-7-28T21:00:00.000,options,put
59,1658724240000,7.85,7.9,7.65,7.9,6250,335450,34200,weekly,2022-7-28T21:00:00.000,options,put
60,1658724300000,7.8,8.0,7.8,8.0,1675,335450,34200,weekly,2022-7-28T21:00:00.000,options,put
61,1658724360000,8.0,8.0,7.95,7.95,1000,335450,34200,weekly,2022-7-28T21:00:00.000,options,put
62,1658724420000,8.05,8.2,8.05,8.2,1325,334875,34200,weekly,2022-7-28T21:00:00.000,options,put
63,1658724480000,8.2,8.2,7.85,7.85,8175,334875,34200,weekly,2022-7-28T21:00:00.000,options,put
64,1658724540000,7.85,7.9,7.8,7.8,5575,334875,34200,weekly,2022-7-28T21:00:00.000,options,put
65,1658724600000,7.8,8.25,7.8,8.25,4750,342075,34200,weekly,2022-7-28T21:00:00.000,options,put
66,1658724660000,8.25,8.35,8.15,8.35,6075,342075,34200,weekly,2022-7-28T21:00:00.000,options,put
67,1658724720000,8.3,8.45,8.3,8.4,1675,342075,34200,weekly,2022-7-28T21:00:00.000,options,put
68,1658724780000,8.4,8.55,8.4,8.45,3100,341650,34200,weekly,2022-7-28T21:00:00.000,options,put
69,1658724840000,8.45,8.6,8.45,8.6,1650,341650,34200,weekly,2022-7-28T21:00:00.000,options,put
70,1658724900000,8.55,8.55,8.4,8.4,2075,341650,34200,weekly,2022-7-28T21:00:00.000,options,put
71,1658724960000,8.4,8.45,8.3,8.4,1200,340550,34200,weekly,2022-7-28T21:00:00.000,options,put
72,1658725020000,8.25,8.25,8.05,8.05,1675,340550,34200,weekly,2022-7-28T21:00:00.000,options,put
73,1658725080000,8.1,8.25,8.0,8.25,1425,340550,34200,weekly,2022-7-28T21:00:00.000,options,put
74,1658725140000,8.3,8.9,8.3,8.9,6775,341625,34200,weekly,2022-7-28T21:00:00.000,options,put
75,1658725200000,8.85,9.0,8.55,8.7,6200,341625,34200,weekly,2022-7-28T21:00:00.000,options,put
76,1658725260000,8.7,9.0,8.7,9.0,3475,341625,34200,weekly,2022-7-28T21:00:00.000,options,put
77,1658725320000,9.0,9.0,8.75,8.75,2800,343075,34200,weekly,2022-7-28T21:00:00.000,options,put
78,1658725380000,8.75,8.95,8.7,8.85,3425,343075,34200,weekly,2022-7-28T21:00:00.000,options,put
79,1658725440000,8.85,8.9,8.65,8.65,5550,343075,34200,weekly,2022-7-28T21:00:00.000,options,put
80,1658725500000,8.6,8.6,8.2,8.3,5250,341475,34200,weekly,2022-7-28T21:00:00.000,options,put
81,1658725560000,8.3,8.45,8.1,8.2,4175,341475,34200,weekly,2022-7-28T21:00:00.000,options,put
82,1658725620000,8.2,8.45,8.2,8.25,2475,341475,34200,weekly,2022-7-28T21:00:00.000,options,put
83,1658725680000,8.15,8.3,8.0,8.15,6700,339425,34200,weekly,2022-7-28T21:00:00.000,options,put
84,1658725740000,8.05,8.1,7.75,7.9,3200,339425,34200,weekly,2022-7-28T21:00:00.000,options,put
85,1658725800000,7.9,7.95,7.65,7.65,4850,339425,34200,weekly,2022-7-28T21:00:00.000,options,put
86,1658725860000,7.75,7.95,7.75,7.9,1475,340550,34200,weekly,2022-7-28T21:00:00.000,options,put
87,1658725920000,8.0,8.3,7.95,8.3,2725,340550,34200,weekly,2022-7-28T21:00:00.000,options,put
88,1658725980000,8.3,8.4,8.25,8.4,925,340550,34200,weekly,2022-7-28T21:00:00.000,options,put
89,1658726040000,8.4,8.55,8.4,8.55,925,340550,34200,weekly,2022-7-28T21:00:00.000,options,put
90,1658726100000,8.45,8.55,8.35,8.45,2850,340275,34200,weekly,2022-7-28T21:00:00.000,options,put
91,1658726160000,8.45,8.65,8.4,8.55,4100,340275,34200,weekly,2022-7-28T21:00:00.000,options,put
92,1658726220000,8.6,8.6,8.5,8.5,1400,341450,34200,weekly,2022-7-28T21:00:00.000,options,put
93,1658726280000,8.5,8.6,8.35,8.4,6025,341450,34200,weekly,2022-7-28T21:00:00.000,options,put
94,1658726340000,8.4,8.5,7.9,8.0,13150,341450,34200,weekly,2022-7-28T21:00:00.000,options,put
95,1658726400000,8.05,8.15,7.85,8.05,2925,341500,34200,weekly,2022-7-28T21:00:00.000,options,put
96,1658726460000,8.05,8.3,8.05,8.25,8125,341500,34200,weekly,2022-7-28T21:00:00.000,options,put
97,1658726520000,8.15,8.2,8.0,8.0,2700,341500,34200,weekly,2022-7-28T21:00:00.000,options,put
98,1658726580000,8.1,8.15,8.0,8.1,1650,346050,34200,weekly,2022-7-28T21:00:00.000,options,put
99,1658726640000,8.05,8.2,8.05,8.15,875,346050,34200,weekly,2022-7-28T21:00:00.000,options,put
100,1658726700000,8.15,8.2,8.15,8.2,2875,346050,34200,weekly,2022-7-28T21:00:00.000,options,put
101,1658726760000,8.25,8.25,8.2,8.2,1750,348575,34200,weekly,2022-7-28T21:00:00.000,options,put
102,1658726820000,8.2,8.2,8.1,8.1,1025,348575,34200,weekly,2022-7-28T21:00:00.000,options,put
103,1658726880000,8.1,8.15,8.0,8.0,275,348575,34200,weekly,2022-7-28T21:00:00.000,options,put
104,1658726940000,7.9,7.95,7.9,7.9,150,348050,34200,weekly,2022-7-28T21:00:00.000,options,put
105,1658727000000,8.0,8.05,7.9,7.9,1600,348050,34200,weekly,2022-7-28T21:00:00.000,options,put
106,1658727060000,7.9,8.0,7.9,7.9,850,348050,34200,weekly,2022-7-28T21:00:00.000,options,put
107,1658727120000,8.05,8.15,7.95,8.15,1825,348950,34200,weekly,2022-7-28T21:00:00.000,options,put
108,1658727180000,8.15,8.15,7.95,8.1,1950,348950,34200,weekly,2022-7-28T21:00:00.000,options,put
109,1658727240000,8.15,8.4,8.05,8.4,2700,348950,34200,weekly,2022-7-28T21:00:00.000,options,put
110,1658727300000,8.4,8.4,8.1,8.2,5050,348675,34200,weekly,2022-7-28T21:00:00.000,options,put
111,1658727360000,8.25,8.25,8.0,8.15,3775,348675,34200,weekly,2022-7-28T21:00:00.000,options,put
112,1658727420000,8.25,8.35,8.15,8.2,2375,348675,34200,weekly,2022-7-28T21:00:00.000,options,put
113,1658727480000,8.2,8.2,7.95,7.95,3750,346350,34200,weekly,2022-7-28T21:00:00.000,options,put
114,1658727540000,7.95,8.05,7.85,8.05,3375,346350,34200,weekly,2022-7-28T21:00:00.000,options,put
115,1658727600000,7.95,8.0,7.85,7.9,2600,346350,34200,weekly,2022-7-28T21:00:00.000,options,put
116,1658727660000,7.9,7.95,7.6,7.65,7450,346150,34200,weekly,2022-7-28T21:00:00.000,options,put
117,1658727720000,7.65,7.75,7.6,7.75,4675,346150,34200,weekly,2022-7-28T21:00:00.000,options,put
118,1658727780000,7.8,7.85,7.75,7.85,2425,346150,34200,weekly,2022-7-28T21:00:00.000,options,put
119,1658727840000,7.85,7.9,7.8,7.8,2100,345800,34200,weekly,2022-7-28T21:00:00.000,options,put
120,1658727900000,7.8,7.8,7.65,7.75,2875,345800,34200,weekly,2022-7-28T21:00:00.000,options,put
121,1658727960000,7.75,7.8,7.65,7.7,4425,345800,34200,weekly,2022-7-28T21:00:00.000,options,put
122,1658728020000,7.65,7.75,7.6,7.65,2625,344475,34200,weekly,2022-7-28T21:00:00.000,options,put
123,1658728080000,7.6,7.7,7.6,7.65,1925,344475,34200,weekly,2022-7-28T21:00:00.000,options,put
124,1658728140000,7.65,7.7,7.65,7.7,2350,344475,34200,weekly,2022-7-28T21:00:00.000,options,put
125,1658728200000,7.75,7.75,7.4,7.45,9500,341700,34200,weekly,2022-7-28T21:00:00.000,options,put
126,1658728260000,7.55,7.55,7.35,7.55,4850,341700,34200,weekly,2022-7-28T21:00:00.000,options,put
127,1658728320000,7.6,7.65,7.45,7.45,2175,341700,34200,weekly,2022-7-28T21:00:00.000,options,put
128,1658728380000,7.45,7.75,7.4,7.7,5575,340625,34200,weekly,2022-7-28T21:00:00.000,options,put
129,1658728440000,7.7,7.75,7.65,7.7,1250,340625,34200,weekly,2022-7-28T21:00:00.000,options,put
130,1658728500000,7.65,7.75,7.65,7.75,150,340625,34200,weekly,2022-7-28T21:00:00.000,options,put
131,1658728560000,7.75,7.75,7.6,7.75,2800,340325,34200,weekly,2022-7-28T21:00:00.000,options,put
132,1658728620000,7.65,7.75,7.55,7.7,1900,340325,34200,weekly,2022-7-28T21:00:00.000,options,put
133,1658728680000,7.65,7.7,7.5,7.55,2525,340325,34200,weekly,2022-7-28T21:00:00.000,options,put
134,1658728740000,7.55,7.7,7.35,7.7,2900,340300,34200,weekly,2022-7-28T21:00:00.000,options,put
135,1658728800000,7.7,7.7,7.5,7.5,5650,340300,34200,weekly,2022-7-28T21:00:00.000,options,put
136,1658728860000,7.5,7.6,7.5,7.5,650,340300,34200,weekly,2022-7-28T21:00:00.000,options,put
137,1658728920000,7.5,7.55,7.35,7.35,5025,346800,34200,weekly,2022-7-28T21:00:00.000,options,put
138,1658728980000,7.35,7.45,7.35,7.4,875,346800,34200,weekly,2022-7-28T21:00:00.000,options,put
139,1658729040000,7.35,7.45,7.25,7.35,1275,346800,34200,weekly,2022-7-28T21:00:00.000,options,put
140,1658729100000,7.35,7.4,7.2,7.3,3325,346475,34200,weekly,2022-7-28T21:00:00.000,options,put
141,1658729160000,7.35,7.4,7.3,7.3,2800,346475,34200,weekly,2022-7-28T21:00:00.000,options,put
142,1658729220000,7.3,7.35,7.25,7.3,1850,346475,34200,weekly,2022-7-28T21:00:00.000,options,put
143,1658729280000,7.3,7.4,7.25,7.4,1650,346025,34200,weekly,2022-7-28T21:00:00.000,options,put
144,1658729340000,7.4,7.5,7.35,7.5,350,346025,34200,weekly,2022-7-28T21:00:00.000,options,put
145,1658729400000,7.35,7.45,7.35,7.45,550,346025,34200,weekly,2022-7-28T21:00:00.000,options,put
146,1658729460000,7.4,7.5,7.35,7.35,1450,346400,34200,weekly,2022-7-28T21:00:00.000,options,put
147,1658729520000,7.35,7.5,7.35,7.5,1475,346400,34200,weekly,2022-7-28T21:00:00.000,options,put
148,1658729580000,7.5,7.55,7.45,7.55,425,346400,34200,weekly,2022-7-28T21:00:00.000,options,put
149,1658729640000,7.45,7.5,7.4,7.5,1475,346825,34200,weekly,2022-7-28T21:00:00.000,options,put
150,1658729700000,7.5,7.5,7.35,7.35,2275,346825,34200,weekly,2022-7-28T21:00:00.000,options,put
151,1658729760000,7.45,7.45,7.35,7.35,1300,346825,34200,weekly,2022-7-28T21:00:00.000,options,put
152,1658729820000,7.35,7.35,7.1,7.1,4450,343800,34200,weekly,2022-7-28T21:00:00.000,options,put
153,1658729880000,7.2,7.25,7.15,7.25,3025,343800,34200,weekly,2022-7-28T21:00:00.000,options,put
154,1658729940000,7.2,7.2,6.9,6.9,3625,343800,34200,weekly,2022-7-28T21:00:00.000,options,put
155,1658730000000,6.9,7.05,6.9,7.0,3825,345500,34200,weekly,2022-7-28T21:00:00.000,options,put
156,1658730060000,7.0,7.0,6.85,6.85,1125,345500,34200,weekly,2022-7-28T21:00:00.000,options,put
157,1658730120000,6.85,6.9,6.85,6.9,800,345500,34200,weekly,2022-7-28T21:00:00.000,options,put
158,1658730180000,6.85,6.95,6.7,6.85,2775,344425,34200,weekly,2022-7-28T21:00:00.000,options,put
159,1658730240000,6.8,6.95,6.8,6.85,2100,344425,34200,weekly,2022-7-28T21:00:00.000,options,put
160,1658730300000,6.95,6.95,6.8,6.85,3325,344425,34200,weekly,2022-7-28T21:00:00.000,options,put
161,1658730360000,6.85,6.9,6.85,6.9,500,342025,34200,weekly,2022-7-28T21:00:00.000,options,put
162,1658730420000,6.9,6.95,6.85,6.9,2200,342025,34200,weekly,2022-7-28T21:00:00.000,options,put
163,1658730480000,6.85,6.95,6.7,6.7,3375,342025,34200,weekly,2022-7-28T21:00:00.000,options,put
164,1658730540000,6.7,6.8,6.6,6.6,3600,343000,34200,weekly,2022-7-28T21:00:00.000,options,put
165,1658730600000,6.75,6.75,6.55,6.65,3150,343000,34200,weekly,2022-7-28T21:00:00.000,options,put
166,1658730660000,6.65,6.75,6.55,6.65,2750,343000,34200,weekly,2022-7-28T21:00:00.000,options,put
167,1658730720000,6.7,6.7,6.6,6.7,1325,343000,34200,weekly,2022-7-28T21:00:00.000,options,put
168,1658730780000,6.7,6.85,6.55,6.75,8300,341475,34200,weekly,2022-7-28T21:00:00.000,options,put
169,1658730840000,6.75,6.85,6.7,6.75,5600,341475,34200,weekly,2022-7-28T21:00:00.000,options,put
170,1658730900000,6.7,6.95,6.7,6.85,5000,338800,34200,weekly,2022-7-28T21:00:00.000,options,put
171,1658730960000,6.9,6.9,6.8,6.9,2950,338800,34200,weekly,2022-7-28T21:00:00.000,options,put
172,1658731020000,6.9,7.05,6.8,6.9,6000,338800,34200,weekly,2022-7-28T21:00:00.000,options,put
173,1658731080000,6.9,7.0,6.9,6.95,1200,338800,34200,weekly,2022-7-28T21:00:00.000,options,put
174,1658731140000,7.05,7.1,6.95,7.05,4325,342625,34200,weekly,2022-7-28T21:00:00.000,options,put
175,1658731200000,7.1,7.15,6.95,7.05,3250,342625,34200,weekly,2022-7-28T21:00:00.000,options,put
176,1658731260000,7.05,7.1,6.95,7.05,1100,342625,34200,weekly,2022-7-28T21:00:00.000,options,put
177,1658731320000,7.0,7.05,6.95,7.0,1725,344250,34200,weekly,2022-7-28T21:00:00.000,options,put
178,1658731380000,6.95,7.0,6.9,6.9,2600,344250,34200,weekly,2022-7-28T21:00:00.000,options,put
179,1658731440000,6.9,7.0,6.9,6.95,75,344250,34200,weekly,2022-7-28T21:00:00.000,options,put
180,1658731500000,6.9,6.95,6.8,6.8,2800,343525,34200,weekly,2022-7-28T21:00:00.000,options,put
181,1658731560000,6.8,6.8,6.7,6.7,1375,343525,34200,weekly,2022-7-28T21:00:00.000,options,put
182,1658731620000,6.7,6.8,6.7,6.8,900,343525,34200,weekly,2022-7-28T21:00:00.000,options,put
183,1658731680000,6.85,6.9,6.7,6.85,5200,344275,34200,weekly,2022-7-28T21:00:00.000,options,put
184,1658731740000,6.9,6.9,6.85,6.85,2000,344275,34200,weekly,2022-7-28T21:00:00.000,options,put
185,1658731800000,6.85,6.9,6.8,6.85,625,344275,34200,weekly,2022-7-28T21:00:00.000,options,put
186,1658731860000,6.75,6.75,6.65,6.7,250,345500,34200,weekly,2022-7-28T21:00:00.000,options,put
187,1658731920000,6.75,6.75,6.75,6.75,1125,345500,34200,weekly,2022-7-28T21:00:00.000,options,put
188,1658731980000,6.75,6.8,6.7,6.7,1100,344400,34200,weekly,2022-7-28T21:00:00.000,options,put
189,1658732040000,6.8,6.8,6.75,6.75,875,344400,34200,weekly,2022-7-28T21:00:00.000,options,put
190,1658732100000,6.8,6.85,6.75,6.85,200,344400,34200,weekly,2022-7-28T21:00:00.000,options,put
191,1658732160000,6.75,6.85,6.75,6.8,700,343925,34200,weekly,2022-7-28T21:00:00.000,options,put
192,1658732220000,6.8,6.8,6.75,6.8,150,343925,34200,weekly,2022-7-28T21:00:00.000,options,put
193,1658732280000,6.8,6.8,6.7,6.7,1900,343925,34200,weekly,2022-7-28T21:00:00.000,options,put
194,1658732340000,6.75,6.8,6.7,6.7,200,343925,34200,weekly,2022-7-28T21:00:00.000,options,put
195,1658732400000,6.7,6.75,6.65,6.65,450,343250,34200,weekly,2022-7-28T21:00:00.000,options,put
196,1658732460000,6.65,6.8,6.65,6.7,1150,343250,34200,weekly,2022-7-28T21:00:00.000,options,put
197,1658732520000,6.7,6.85,6.7,6.8,5025,341675,34200,weekly,2022-7-28T21:00:00.000,options,put
198,1658732580000,6.75,6.85,6.7,6.8,700,341675,34200,weekly,2022-7-28T21:00:00.000,options,put
199,1658732640000,6.75,6.75,6.6,6.7,2500,341675,34200,weekly,2022-7-28T21:00:00.000,options,put
200,1658732700000,6.6,6.7,6.6,6.65,400,341675,34200,weekly,2022-7-28T21:00:00.000,options,put
201,1658732760000,6.65,6.8,6.65,6.75,2075,340825,34200,weekly,2022-7-28T21:00:00.000,options,put
202,1658732820000,6.75,6.85,6.7,6.85,3200,340825,34200,weekly,2022-7-28T21:00:00.000,options,put
203,1658732880000,6.75,7.0,6.75,6.9,1150,340825,34200,weekly,2022-7-28T21:00:00.000,options,put
204,1658732940000,6.95,7.1,6.9,7.1,450,342775,34200,weekly,2022-7-28T21:00:00.000,options,put
205,1658733000000,7.0,7.1,7.0,7.1,1275,342775,34200,weekly,2022-7-28T21:00:00.000,options,put
206,1658733060000,7.1,7.1,6.9,6.95,1500,342775,34200,weekly,2022-7-28T21:00:00.000,options,put
207,1658733120000,6.9,6.95,6.75,6.75,1600,341350,34200,weekly,2022-7-28T21:00:00.000,options,put
208,1658733180000,6.75,6.75,6.65,6.65,575,341350,34200,weekly,2022-7-28T21:00:00.000,options,put
209,1658733240000,6.65,6.7,6.6,6.7,1325,341350,34200,weekly,2022-7-28T21:00:00.000,options,put
210,1658733300000,6.7,6.7,6.7,6.7,600,341300,34200,weekly,2022-7-28T21:00:00.000,options,put
211,1658733360000,6.65,6.75,6.65,6.7,775,341300,34200,weekly,2022-7-28T21:00:00.000,options,put
212,1658733420000,6.7,6.75,6.65,6.65,775,341300,34200,weekly,2022-7-28T21:00:00.000,options,put
213,1658733480000,6.65,6.65,6.55,6.55,2175,341000,34200,weekly,2022-7-28T21:00:00.000,options,put
214,1658733540000,6.55,6.7,6.55,6.6,900,341000,34200,weekly,2022-7-28T21:00:00.000,options,put
215,1658733600000,6.6,6.8,6.6,6.8,3250,341000,34200,weekly,2022-7-28T21:00:00.000,options,put
216,1658733660000,6.85,6.9,6.8,6.8,1850,338525,34200,weekly,2022-7-28T21:00:00.000,options,put
217,1658733720000,6.8,6.95,6.8,6.95,1225,338525,34200,weekly,2022-7-28T21:00:00.000,options,put
218,1658733780000,6.95,6.95,6.8,6.95,2050,338525,34200,weekly,2022-7-28T21:00:00.000,options,put
219,1658733840000,6.95,6.95,6.8,6.8,400,339350,34200,weekly,2022-7-28T21:00:00.000,options,put
220,1658733900000,6.9,6.9,6.8,6.8,325,339350,34200,weekly,2022-7-28T21:00:00.000,options,put
221,1658733960000,6.75,6.85,6.65,6.85,2775,339350,34200,weekly,2022-7-28T21:00:00.000,options,put
222,1658734020000,6.85,6.95,6.8,6.8,2425,339475,34200,weekly,2022-7-28T21:00:00.000,options,put
223,1658734080000,6.9,7.0,6.75,6.8,7100,339475,34200,weekly,2022-7-28T21:00:00.000,options,put
224,1658734140000,6.75,6.9,6.75,6.9,825,339475,34200,weekly,2022-7-28T21:00:00.000,options,put
225,1658734200000,6.9,7.0,6.75,7.0,925,339100,34200,weekly,2022-7-28T21:00:00.000,options,put
226,1658734260000,6.9,6.95,6.75,6.75,1050,339100,34200,weekly,2022-7-28T21:00:00.000,options,put
227,1658734320000,6.75,6.75,6.65,6.65,1625,339100,34200,weekly,2022-7-28T21:00:00.000,options,put
228,1658734380000,6.6,6.6,6.5,6.6,825,339300,34200,weekly,2022-7-28T21:00:00.000,options,put
229,1658734440000,6.55,6.6,6.5,6.55,3875,339300,34200,weekly,2022-7-28T21:00:00.000,options,put
230,1658734500000,6.5,6.65,6.45,6.65,2700,339300,34200,weekly,2022-7-28T21:00:00.000,options,put
231,1658734560000,6.65,6.65,6.55,6.55,1800,338000,34200,weekly,2022-7-28T21:00:00.000,options,put
232,1658734620000,6.6,6.6,6.5,6.55,2475,338000,34200,weekly,2022-7-28T21:00:00.000,options,put
233,1658734680000,6.55,6.6,6.45,6.55,2625,338000,34200,weekly,2022-7-28T21:00:00.000,options,put
234,1658734740000,6.6,6.65,6.55,6.6,2175,337425,34200,weekly,2022-7-28T21:00:00.000,options,put
235,1658734800000,6.6,6.65,6.55,6.55,650,337425,34200,weekly,2022-7-28T21:00:00.000,options,put
236,1658734860000,6.55,6.65,6.55,6.6,1300,337425,34200,weekly,2022-7-28T21:00:00.000,options,put
237,1658734920000,6.65,6.65,6.5,6.5,400,336950,34200,weekly,2022-7-28T21:00:00.000,options,put
238,1658734980000,6.5,6.5,6.3,6.4,6725,336950,34200,weekly,2022-7-28T21:00:00.000,options,put
239,1658735040000,6.4,6.4,6.2,6.2,10925,336950,34200,weekly,2022-7-28T21:00:00.000,options,put
240,1658735100000,6.15,6.25,5.8,5.85,10700,337675,34200,weekly,2022-7-28T21:00:00.000,options,put
241,1658735160000,5.8,6.0,5.8,5.95,5150,337675,34200,weekly,2022-7-28T21:00:00.000,options,put
242,1658735220000,5.95,6.0,5.9,5.95,12900,337675,34200,weekly,2022-7-28T21:00:00.000,options,put
243,1658735280000,5.95,6.05,5.9,5.9,9650,342025,34200,weekly,2022-7-28T21:00:00.000,options,put
244,1658735340000,5.9,6.0,5.85,5.95,9400,342025,34200,weekly,2022-7-28T21:00:00.000,options,put
245,1658735400000,5.95,6.05,5.85,5.85,7200,342025,34200,weekly,2022-7-28T21:00:00.000,options,put
246,1658735460000,5.85,5.9,5.75,5.8,3825,347500,34200,weekly,2022-7-28T21:00:00.000,options,put
247,1658735520000,5.8,5.95,5.75,5.9,5900,347500,34200,weekly,2022-7-28T21:00:00.000,options,put
248,1658735580000,5.85,5.95,5.8,5.95,5200,347500,34200,weekly,2022-7-28T21:00:00.000,options,put
249,1658735640000,5.85,5.95,5.85,5.9,2050,347050,34200,weekly,2022-7-28T21:00:00.000,options,put
250,1658735700000,5.9,5.95,5.85,5.9,4300,347050,34200,weekly,2022-7-28T21:00:00.000,options,put
251,1658735760000,5.9,5.95,5.85,5.85,1450,347050,34200,weekly,2022-7-28T21:00:00.000,options,put
252,1658735820000,5.9,6.1,5.9,6.0,3650,344425,34200,weekly,2022-7-28T21:00:00.000,options,put
253,1658735880000,6.05,6.05,5.95,6.05,2975,344425,34200,weekly,2022-7-28T21:00:00.000,options,put
254,1658735940000,6.05,6.1,5.95,5.95,4425,344425,34200,weekly,2022-7-28T21:00:00.000,options,put
255,1658736000000,6.0,6.05,5.95,6.05,3875,344750,34200,weekly,2022-7-28T21:00:00.000,options,put
256,1658736060000,6.05,6.3,6.05,6.3,5450,344750,34200,weekly,2022-7-28T21:00:00.000,options,put
257,1658736120000,6.3,6.35,6.25,6.35,7325,344750,34200,weekly,2022-7-28T21:00:00.000,options,put
258,1658736180000,6.4,6.5,6.3,6.3,6250,348275,34200,weekly,2022-7-28T21:00:00.000,options,put
259,1658736240000,6.3,6.4,6.2,6.35,9550,348275,34200,weekly,2022-7-28T21:00:00.000,options,put
260,1658736300000,6.35,6.5,6.35,6.45,4150,348275,34200,weekly,2022-7-28T21:00:00.000,options,put
261,1658736360000,6.35,6.45,6.25,6.4,16775,346775,34200,weekly,2022-7-28T21:00:00.000,options,put
262,1658736420000,6.35,6.45,6.3,6.4,7175,346775,34200,weekly,2022-7-28T21:00:00.000,options,put
263,1658736480000,6.35,6.4,6.3,6.3,7800,346775,34200,weekly,2022-7-28T21:00:00.000,options,put
264,1658736540000,6.3,6.35,6.25,6.3,6900,351100,34200,weekly,2022-7-28T21:00:00.000,options,put
265,1658736600000,6.25,6.35,6.25,6.35,2900,351100,34200,weekly,2022-7-28T21:00:00.000,options,put
266,1658736660000,6.35,6.35,6.25,6.25,850,351100,34200,weekly,2022-7-28T21:00:00.000,options,put
267,1658736720000,6.3,6.3,6.15,6.15,3075,351000,34200,weekly,2022-7-28T21:00:00.000,options,put
268,1658736780000,6.15,6.2,6.0,6.05,3275,351000,34200,weekly,2022-7-28T21:00:00.000,options,put
269,1658736840000,6.05,6.15,6.05,6.1,1525,351000,34200,weekly,2022-7-28T21:00:00.000,options,put
270,1658736900000,6.1,6.15,6.05,6.15,1375,351450,34200,weekly,2022-7-28T21:00:00.000,options,put
271,1658736960000,6.1,6.2,6.05,6.05,2050,351450,34200,weekly,2022-7-28T21:00:00.000,options,put
272,1658737020000,6.1,6.2,6.05,6.05,3525,351450,34200,weekly,2022-7-28T21:00:00.000,options,put
273,1658737080000,6.05,6.15,6.05,6.05,1450,349050,34200,weekly,2022-7-28T21:00:00.000,options,put
274,1658737140000,6.05,6.1,6.0,6.05,1450,349050,34200,weekly,2022-7-28T21:00:00.000,options,put
275,1658737200000,6.1,6.1,6.05,6.05,675,349050,34200,weekly,2022-7-28T21:00:00.000,options,put
276,1658737260000,6.1,6.1,6.0,6.0,975,348175,34200,weekly,2022-7-28T21:00:00.000,options,put
277,1658737320000,6.05,6.05,5.95,6.05,175,348175,34200,weekly,2022-7-28T21:00:00.000,options,put
278,1658737380000,6.05,6.05,6.0,6.0,1300,348175,34200,weekly,2022-7-28T21:00:00.000,options,put
279,1658737440000,6.0,6.1,5.95,6.0,1900,349400,34200,weekly,2022-7-28T21:00:00.000,options,put
280,1658737500000,6.0,6.05,6.0,6.0,250,349400,34200,weekly,2022-7-28T21:00:00.000,options,put
281,1658737560000,6.0,6.05,5.95,6.0,750,349400,34200,weekly,2022-7-28T21:00:00.000,options,put
282,1658737620000,6.0,6.1,5.95,6.1,2000,349625,34200,weekly,2022-7-28T21:00:00.000,options,put
283,1658737680000,6.1,6.1,6.0,6.05,1875,349625,34200,weekly,2022-7-28T21:00:00.000,options,put
284,1658737740000,6.0,6.0,6.0,6.0,600,349625,34200,weekly,2022-7-28T21:00:00.000,options,put
285,1658737800000,6.1,6.1,6.0,6.1,1325,349625,34200,weekly,2022-7-28T21:00:00.000,options,put
286,1658737860000,6.05,6.1,6.0,6.05,925,349625,34200,weekly,2022-7-28T21:00:00.000,options,put
287,1658737920000,6.1,6.1,5.95,6.05,2050,349625,34200,weekly,2022-7-28T21:00:00.000,options,put
288,1658737980000,6.05,6.25,6.05,6.15,3000,349575,34200,weekly,2022-7-28T21:00:00.000,options,put
289,1658738040000,6.15,6.15,5.85,5.9,6800,349575,34200,weekly,2022-7-28T21:00:00.000,options,put
290,1658738100000,5.95,5.95,5.7,5.8,1725,349575,34200,weekly,2022-7-28T21:00:00.000,options,put
291,1658738160000,5.75,5.85,5.6,5.65,4075,349950,34200,weekly,2022-7-28T21:00:00.000,options,put
292,1658738220000,5.65,5.7,5.5,5.55,14300,349950,34200,weekly,2022-7-28T21:00:00.000,options,put
293,1658738280000,5.55,5.6,5.5,5.5,925,349950,34200,weekly,2022-7-28T21:00:00.000,options,put
294,1658738340000,5.5,5.65,5.4,5.65,16800,341625,34200,weekly,2022-7-28T21:00:00.000,options,put
295,1658738400000,5.65,5.85,5.55,5.85,12525,341625,34200,weekly,2022-7-28T21:00:00.000,options,put
296,1658738460000,5.85,5.9,5.8,5.8,6400,341625,34200,weekly,2022-7-28T21:00:00.000,options,put
297,1658738520000,5.8,5.85,5.75,5.75,6550,332425,34200,weekly,2022-7-28T21:00:00.000,options,put
298,1658738580000,5.75,5.75,5.55,5.55,3850,332425,34200,weekly,2022-7-28T21:00:00.000,options,put
299,1658738640000,5.55,5.65,5.5,5.6,4225,332425,34200,weekly,2022-7-28T21:00:00.000,options,put
300,1658738700000,5.6,5.6,5.5,5.6,7975,332600,34200,weekly,2022-7-28T21:00:00.000,options,put
301,1658738760000,5.6,5.6,5.5,5.55,4700,332600,34200,weekly,2022-7-28T21:00:00.000,options,put
302,1658738820000,5.5,5.55,5.45,5.5,2925,332600,34200,weekly,2022-7-28T21:00:00.000,options,put
303,1658738880000,5.5,5.6,5.5,5.6,3925,331950,34200,weekly,2022-7-28T21:00:00.000,options,put
304,1658738940000,5.55,5.6,5.5,5.6,8175,331950,34200,weekly,2022-7-28T21:00:00.000,options,put
305,1658739000000,5.6,5.85,5.6,5.85,4525,331950,34200,weekly,2022-7-28T21:00:00.000,options,put
306,1658739060000,5.85,5.85,5.55,5.55,3575,332325,34200,weekly,2022-7-28T21:00:00.000,options,put
307,1658739120000,5.55,5.65,5.5,5.65,1575,332325,34200,weekly,2022-7-28T21:00:00.000,options,put
308,1658739180000,5.55,5.65,5.45,5.45,6875,332325,34200,weekly,2022-7-28T21:00:00.000,options,put
309,1658739240000,5.5,5.55,5.45,5.5,3450,332200,34200,weekly,2022-7-28T21:00:00.000,options,put
310,1658739300000,5.5,5.55,5.45,5.55,11500,332200,34200,weekly,2022-7-28T21:00:00.000,options,put
311,1658739360000,5.55,5.55,5.45,5.5,10700,332200,34200,weekly,2022-7-28T21:00:00.000,options,put
312,1658739420000,5.45,5.55,5.45,5.5,9650,326600,34200,weekly,2022-7-28T21:00:00.000,options,put
313,1658739480000,5.45,5.55,5.4,5.55,1700,326600,34200,weekly,2022-7-28T21:00:00.000,options,put
314,1658739540000,5.5,5.55,5.45,5.45,16825,326600,34200,weekly,2022-7-28T21:00:00.000,options,put
315,1658739600000,5.45,5.5,5.4,5.4,10475,322500,34200,weekly,2022-7-28T21:00:00.000,options,put
316,1658739660000,5.45,5.55,5.45,5.5,9975,322500,34200,weekly,2022-7-28T21:00:00.000,options,put
317,1658739720000,5.5,5.55,5.45,5.5,7950,322500,34200,weekly,2022-7-28T21:00:00.000,options,put
318,1658739780000,5.5,5.55,5.4,5.45,5150,320175,34200,weekly,2022-7-28T21:00:00.000,options,put
319,1658739840000,5.5,5.55,5.45,5.45,3725,320175,34200,weekly,2022-7-28T21:00:00.000,options,put
320,1658739900000,5.5,5.55,5.4,5.55,3350,320175,34200,weekly,2022-7-28T21:00:00.000,options,put
321,1658739960000,5.5,5.65,5.5,5.55,4325,320125,34200,weekly,2022-7-28T21:00:00.000,options,put
322,1658740020000,5.55,5.55,5.55,5.55,1750,320125,34200,weekly,2022-7-28T21:00:00.000,options,put
323,1658740080000,5.6,5.6,5.55,5.6,800,320125,34200,weekly,2022-7-28T21:00:00.000,options,put
324,1658740140000,5.6,5.65,5.55,5.65,4600,319975,34200,weekly,2022-7-28T21:00:00.000,options,put
325,1658740200000,5.6,5.65,5.6,5.6,3600,319975,34200,weekly,2022-7-28T21:00:00.000,options,put
326,1658740260000,5.6,5.65,5.5,5.6,15350,319975,34200,weekly,2022-7-28T21:00:00.000,options,put
327,1658740320000,5.65,5.65,5.5,5.5,6525,312275,34200,weekly,2022-7-28T21:00:00.000,options,put
328,1658740380000,5.55,5.55,5.45,5.45,875,312275,34200,weekly,2022-7-28T21:00:00.000,options,put
329,1658740440000,5.45,5.5,5.4,5.45,5150,312275,34200,weekly,2022-7-28T21:00:00.000,options,put
330,1658740500000,5.45,5.5,5.45,5.45,2625,311825,34200,weekly,2022-7-28T21:00:00.000,options,put
331,1658740560000,5.4,5.5,5.4,5.5,2500,311825,34200,weekly,2022-7-28T21:00:00.000,options,put
332,1658740620000,5.5,5.5,5.35,5.35,3350,311825,34200,weekly,2022-7-28T21:00:00.000,options,put
333,1658740680000,5.35,5.4,5.3,5.35,3075,311325,34200,weekly,2022-7-28T21:00:00.000,options,put
334,1658740740000,5.35,5.4,5.3,5.35,1225,311325,34200,weekly,2022-7-28T21:00:00.000,options,put
335,1658740800000,5.35,5.35,5.3,5.35,3525,311325,34200,weekly,2022-7-28T21:00:00.000,options,put
336,1658740860000,5.35,5.35,5.2,5.2,1750,308625,34200,weekly,2022-7-28T21:00:00.000,options,put
337,1658740920000,5.25,5.3,5.2,5.3,1175,308625,34200,weekly,2022-7-28T21:00:00.000,options,put
338,1658740980000,5.25,5.3,5.25,5.3,700,308625,34200,weekly,2022-7-28T21:00:00.000,options,put
339,1658741040000,5.35,5.45,5.35,5.45,1775,308350,34200,weekly,2022-7-28T21:00:00.000,options,put
340,1658741100000,5.4,5.5,5.4,5.45,1575,308350,34200,weekly,2022-7-28T21:00:00.000,options,put
341,1658741160000,5.45,5.45,5.35,5.4,3775,308350,34200,weekly,2022-7-28T21:00:00.000,options,put
342,1658741220000,5.45,5.45,5.4,5.45,1650,308900,34200,weekly,2022-7-28T21:00:00.000,options,put
343,1658741280000,5.45,5.45,5.4,5.45,2575,308900,34200,weekly,2022-7-28T21:00:00.000,options,put
344,1658741340000,5.45,5.45,5.45,5.45,1075,308900,34200,weekly,2022-7-28T21:00:00.000,options,put
345,1658741400000,5.4,5.65,5.4,5.55,6025,309900,34200,weekly,2022-7-28T21:00:00.000,options,put
346,1658741460000,5.55,5.55,5.5,5.5,11125,309900,34200,weekly,2022-7-28T21:00:00.000,options,put
347,1658741520000,5.5,5.55,5.45,5.55,6275,309900,34200,weekly,2022-7-28T21:00:00.000,options,put
348,1658741580000,5.6,5.6,5.5,5.5,4375,309950,34200,weekly,2022-7-28T21:00:00.000,options,put
349,1658741640000,5.55,5.55,5.45,5.5,2925,309950,34200,weekly,2022-7-28T21:00:00.000,options,put
350,1658741700000,5.5,5.6,5.4,5.6,6950,309950,34200,weekly,2022-7-28T21:00:00.000,options,put
351,1658741760000,5.6,5.7,5.6,5.65,2900,308875,34200,weekly,2022-7-28T21:00:00.000,options,put
352,1658741820000,5.7,5.7,5.45,5.5,2625,308875,34200,weekly,2022-7-28T21:00:00.000,options,put
353,1658741880000,5.5,5.55,5.5,5.5,5900,308875,34200,weekly,2022-7-28T21:00:00.000,options,put
354,1658741940000,5.55,5.65,5.55,5.6,5200,309300,34200,weekly,2022-7-28T21:00:00.000,options,put
355,1658742000000,5.6,5.75,5.55,5.65,6375,309300,34200,weekly,2022-7-28T21:00:00.000,options,put
356,1658742060000,5.65,5.7,5.65,5.65,3900,309300,34200,weekly,2022-7-28T21:00:00.000,options,put
357,1658742120000,5.65,5.85,5.65,5.85,10250,307800,34200,weekly,2022-7-28T21:00:00.000,options,put
358,1658742180000,5.85,6.0,5.75,6.0,2950,307800,34200,weekly,2022-7-28T21:00:00.000,options,put
359,1658742240000,6.0,6.35,6.0,6.15,13925,307800,34200,weekly,2022-7-28T21:00:00.000,options,put
360,1658742300000,6.15,6.25,6.0,6.1,40275,311450,34200,weekly,2022-7-28T21:00:00.000,options,put
361,1658742360000,6.1,6.3,6.1,6.2,11350,311450,34200,weekly,2022-7-28T21:00:00.000,options,put
362,1658742420000,6.2,6.25,6.05,6.05,7500,311450,34200,weekly,2022-7-28T21:00:00.000,options,put
363,1658742480000,6.05,6.1,6.0,6.05,3625,310450,34200,weekly,2022-7-28T21:00:00.000,options,put
364,1658742540000,6.05,6.1,5.9,5.95,17375,310450,34200,weekly,2022-7-28T21:00:00.000,options,put
365,1658742600000,5.95,5.95,5.9,5.9,4975,310450,34200,weekly,2022-7-28T21:00:00.000,options,put
366,1658742660000,5.95,6.1,5.9,6.1,8225,312250,34200,weekly,2022-7-28T21:00:00.000,options,put
367,1658742720000,6.1,6.1,5.65,5.75,9300,312250,34200,weekly,2022-7-28T21:00:00.000,options,put
368,1658742780000,5.75,5.75,5.65,5.65,10250,312250,34200,weekly,2022-7-28T21:00:00.000,options,put
369,1658742840000,5.65,5.75,5.6,5.75,7150,308525,34200,weekly,2022-7-28T21:00:00.000,options,put
370,1658742900000,5.75,5.8,5.45,5.5,15800,308525,34200,weekly,2022-7-28T21:00:00.000,options,put
371,1658742960000,5.5,5.55,5.3,5.4,14525,308525,34200,weekly,2022-7-28T21:00:00.000,options,put
372,1658743020000,5.4,5.45,5.35,5.4,11675,308375,34200,weekly,2022-7-28T21:00:00.000,options,put
373,1658743080000,5.45,5.7,5.35,5.7,23675,308375,34200,weekly,2022-7-28T21:00:00.000,options,put
374,1658743140000,5.7,6.0,5.0,6.0,22700,308375,34200,weekly,2022-7-28T21:00:00.000,options,put
